<?xml version="1.0" encoding="UTF-8"?>
<checkstyle>
<file name="C:\sourceforge\jfcunit\mainBranch\main\src\junit\extensions\jfcunit\ExitException.java">
</file>
<file name="C:\sourceforge\jfcunit\mainBranch\main\src\junit\extensions\jfcunit\JFCTestCase.java">
</file>
<file name="C:\sourceforge\jfcunit\mainBranch\main\src\junit\extensions\jfcunit\JFCTestException.java">
</file>
<file name="C:\sourceforge\jfcunit\mainBranch\main\src\junit\extensions\jfcunit\JFCTestHelper.java">
</file>
<file name="C:\sourceforge\jfcunit\mainBranch\main\src\junit\extensions\jfcunit\RobotTestHelper.java">
</file>
<file name="C:\sourceforge\jfcunit\mainBranch\main\src\junit\extensions\jfcunit\TestHelper.java">
</file>
<file name="C:\sourceforge\jfcunit\mainBranch\main\src\junit\extensions\jfcunit\WindowMonitor.java">
</file>
<file name="C:\sourceforge\jfcunit\mainBranch\main\src\junit\extensions\jfcunit\eventdata\AbstractEventData.java">
</file>
<file name="C:\sourceforge\jfcunit\mainBranch\main\src\junit\extensions\jfcunit\eventdata\AbstractKeyEventData.java">
</file>
<file name="C:\sourceforge\jfcunit\mainBranch\main\src\junit\extensions\jfcunit\eventdata\AbstractMouseEventData.java">
</file>
<file name="C:\sourceforge\jfcunit\mainBranch\main\src\junit\extensions\jfcunit\eventdata\BaseEventDataTagHandler.java">
</file>
<file name="C:\sourceforge\jfcunit\mainBranch\main\src\junit\extensions\jfcunit\eventdata\ClickTagHandler.java">
</file>
<file name="C:\sourceforge\jfcunit\mainBranch\main\src\junit\extensions\jfcunit\eventdata\DragEventData.java">
</file>
<file name="C:\sourceforge\jfcunit\mainBranch\main\src\junit\extensions\jfcunit\eventdata\DragTagHandler.java">
</file>
<file name="C:\sourceforge\jfcunit\mainBranch\main\src\junit\extensions\jfcunit\eventdata\EventDataConstants.java">
</file>
<file name="C:\sourceforge\jfcunit\mainBranch\main\src\junit\extensions\jfcunit\eventdata\JComboBoxMouseEventData.java">
</file>
<file name="C:\sourceforge\jfcunit\mainBranch\main\src\junit\extensions\jfcunit\eventdata\JComboBoxMouseEventDataTagHandler.java">
</file>
<file name="C:\sourceforge\jfcunit\mainBranch\main\src\junit\extensions\jfcunit\eventdata\JFCEventDataListener.java">
</file>
<file name="C:\sourceforge\jfcunit\mainBranch\main\src\junit\extensions\jfcunit\eventdata\JFCEventManager.java">
</file>
<file name="C:\sourceforge\jfcunit\mainBranch\main\src\junit\extensions\jfcunit\eventdata\JFCEventManagerTagHandler.java">
</file>
<file name="C:\sourceforge\jfcunit\mainBranch\main\src\junit\extensions\jfcunit\eventdata\JListMouseEventData.java">
</file>
<file name="C:\sourceforge\jfcunit\mainBranch\main\src\junit\extensions\jfcunit\eventdata\JListMouseEventDataTagHandler.java">
</file>
<file name="C:\sourceforge\jfcunit\mainBranch\main\src\junit\extensions\jfcunit\eventdata\JMenuMouseEventData.java">
</file>
<file name="C:\sourceforge\jfcunit\mainBranch\main\src\junit\extensions\jfcunit\eventdata\JMenuMouseEventDataTagHandler.java">
</file>
<file name="C:\sourceforge\jfcunit\mainBranch\main\src\junit\extensions\jfcunit\eventdata\JSpinnerMouseEventData.java">
</file>
<file name="C:\sourceforge\jfcunit\mainBranch\main\src\junit\extensions\jfcunit\eventdata\JSpinnerMouseEventDataTagHandler.java">
</file>
<file name="C:\sourceforge\jfcunit\mainBranch\main\src\junit\extensions\jfcunit\eventdata\JTabbedPaneMouseEventData.java">
</file>
<file name="C:\sourceforge\jfcunit\mainBranch\main\src\junit\extensions\jfcunit\eventdata\JTabbedPaneMouseEventDataTagHandler.java">
</file>
<file name="C:\sourceforge\jfcunit\mainBranch\main\src\junit\extensions\jfcunit\eventdata\JTableHeaderMouseEventData.java">
</file>
<file name="C:\sourceforge\jfcunit\mainBranch\main\src\junit\extensions\jfcunit\eventdata\JTableHeaderMouseEventDataTagHandler.java">
</file>
<file name="C:\sourceforge\jfcunit\mainBranch\main\src\junit\extensions\jfcunit\eventdata\JTableMouseEventData.java">
</file>
<file name="C:\sourceforge\jfcunit\mainBranch\main\src\junit\extensions\jfcunit\eventdata\JTableMouseEventDataTagHandler.java">
</file>
<file name="C:\sourceforge\jfcunit\mainBranch\main\src\junit\extensions\jfcunit\eventdata\JTextComponentMouseEventData.java">
</file>
<file name="C:\sourceforge\jfcunit\mainBranch\main\src\junit\extensions\jfcunit\eventdata\JTextComponentMouseEventDataTagHandler.java">
</file>
<file name="C:\sourceforge\jfcunit\mainBranch\main\src\junit\extensions\jfcunit\eventdata\JTreeMouseEventData.java">
</file>
<file name="C:\sourceforge\jfcunit\mainBranch\main\src\junit\extensions\jfcunit\eventdata\JTreeMouseEventDataTagHandler.java">
</file>
<file name="C:\sourceforge\jfcunit\mainBranch\main\src\junit\extensions\jfcunit\eventdata\KeyEventData.java">
</file>
<file name="C:\sourceforge\jfcunit\mainBranch\main\src\junit\extensions\jfcunit\eventdata\KeyTagHandler.java">
</file>
<file name="C:\sourceforge\jfcunit\mainBranch\main\src\junit\extensions\jfcunit\eventdata\MouseEventData.java">
</file>
<file name="C:\sourceforge\jfcunit\mainBranch\main\src\junit\extensions\jfcunit\eventdata\MouseEventDataTagHandler.java">
</file>
<file name="C:\sourceforge\jfcunit\mainBranch\main\src\junit\extensions\jfcunit\eventdata\MouseWheelEventData.java">
</file>
<file name="C:\sourceforge\jfcunit\mainBranch\main\src\junit\extensions\jfcunit\eventdata\MouseWheelEventDataTagHandler.java">
</file>
<file name="C:\sourceforge\jfcunit\mainBranch\main\src\junit\extensions\jfcunit\eventdata\PathData.java">
</file>
<file name="C:\sourceforge\jfcunit\mainBranch\main\src\junit\extensions\jfcunit\eventdata\PathTagHandler.java">
</file>
<file name="C:\sourceforge\jfcunit\mainBranch\main\src\junit\extensions\jfcunit\eventdata\StringEventData.java">
</file>
<file name="C:\sourceforge\jfcunit\mainBranch\main\src\junit\extensions\jfcunit\finder\AbstractButtonFinder.java">
</file>
<file name="C:\sourceforge\jfcunit\mainBranch\main\src\junit\extensions\jfcunit\finder\AbstractButtonFinderTagHandler.java">
</file>
<file name="C:\sourceforge\jfcunit\mainBranch\main\src\junit\extensions\jfcunit\finder\AbstractWindowFinder.java">
</file>
<file name="C:\sourceforge\jfcunit\mainBranch\main\src\junit\extensions\jfcunit\finder\BaseFindTagHandler.java">
</file>
<file name="C:\sourceforge\jfcunit\mainBranch\main\src\junit\extensions\jfcunit\finder\ComponentFinder.java">
</file>
<file name="C:\sourceforge\jfcunit\mainBranch\main\src\junit\extensions\jfcunit\finder\ComponentFinderTagHandler.java">
</file>
<file name="C:\sourceforge\jfcunit\mainBranch\main\src\junit\extensions\jfcunit\finder\DialogFinder.java">
</file>
<file name="C:\sourceforge\jfcunit\mainBranch\main\src\junit\extensions\jfcunit\finder\DialogFinderTagHandler.java">
</file>
<file name="C:\sourceforge\jfcunit\mainBranch\main\src\junit\extensions\jfcunit\finder\FindTagHandler.java">
</file>
<file name="C:\sourceforge\jfcunit\mainBranch\main\src\junit\extensions\jfcunit\finder\Finder.java">
</file>
<file name="C:\sourceforge\jfcunit\mainBranch\main\src\junit\extensions\jfcunit\finder\FrameFinder.java">
</file>
<file name="C:\sourceforge\jfcunit\mainBranch\main\src\junit\extensions\jfcunit\finder\FrameFinderTagHandler.java">
</file>
<file name="C:\sourceforge\jfcunit\mainBranch\main\src\junit\extensions\jfcunit\finder\IconMatcher.java">
</file>
<file name="C:\sourceforge\jfcunit\mainBranch\main\src\junit\extensions\jfcunit\finder\JFileChooserFinder.java">
</file>
<file name="C:\sourceforge\jfcunit\mainBranch\main\src\junit\extensions\jfcunit\finder\JInternalFrameFinder.java">
</file>
<file name="C:\sourceforge\jfcunit\mainBranch\main\src\junit\extensions\jfcunit\finder\JInternalFrameFinderTagHandler.java">
</file>
<file name="C:\sourceforge\jfcunit\mainBranch\main\src\junit\extensions\jfcunit\finder\JLabelFinder.java">
</file>
<file name="C:\sourceforge\jfcunit\mainBranch\main\src\junit\extensions\jfcunit\finder\JLabelFinderTagHandler.java">
</file>
<file name="C:\sourceforge\jfcunit\mainBranch\main\src\junit\extensions\jfcunit\finder\JMenuItemFinder.java">
</file>
<file name="C:\sourceforge\jfcunit\mainBranch\main\src\junit\extensions\jfcunit\finder\JMenuItemFinderTagHandler.java">
</file>
<file name="C:\sourceforge\jfcunit\mainBranch\main\src\junit\extensions\jfcunit\finder\JPopupMenuFinder.java">
</file>
<file name="C:\sourceforge\jfcunit\mainBranch\main\src\junit\extensions\jfcunit\finder\JPopupMenuFinderTagHandler.java">
</file>
<file name="C:\sourceforge\jfcunit\mainBranch\main\src\junit\extensions\jfcunit\finder\JWindowFinder.java">
</file>
<file name="C:\sourceforge\jfcunit\mainBranch\main\src\junit\extensions\jfcunit\finder\JWindowFinderTagHandler.java">
</file>
<file name="C:\sourceforge\jfcunit\mainBranch\main\src\junit\extensions\jfcunit\finder\LabeledComponentFinder.java">
</file>
<file name="C:\sourceforge\jfcunit\mainBranch\main\src\junit\extensions\jfcunit\finder\LabeledComponentFinderTagHandler.java">
</file>
<file name="C:\sourceforge\jfcunit\mainBranch\main\src\junit\extensions\jfcunit\finder\NamedComponentFinder.java">
</file>
<file name="C:\sourceforge\jfcunit\mainBranch\main\src\junit\extensions\jfcunit\finder\NamedComponentFinderTagHandler.java">
</file>
<file name="C:\sourceforge\jfcunit\mainBranch\main\src\junit\extensions\jfcunit\javatest\RobotTest.java">
</file>
<file name="C:\sourceforge\jfcunit\mainBranch\main\src\junit\extensions\jfcunit\keyboard\AbstractKeyMapping.java">
</file>
<file name="C:\sourceforge\jfcunit\mainBranch\main\src\junit\extensions\jfcunit\keyboard\DefaultKeyMapping.java">
</file>
<file name="C:\sourceforge\jfcunit\mainBranch\main\src\junit\extensions\jfcunit\keyboard\JFCKeyStroke.java">
<error line="49" column="5" severity="error" message="Missing a Javadoc comment." source="com.puppycrawl.tools.checkstyle.checks.javadoc.JavadocMethodCheck"/>
<error line="49" column="25" severity="error" message="Parameter keyDesc should be final." source="com.puppycrawl.tools.checkstyle.checks.FinalParametersCheck"/>
</file>
<file name="C:\sourceforge\jfcunit\mainBranch\main\src\junit\extensions\jfcunit\keyboard\KeyMapping.java">
</file>
<file name="C:\sourceforge\jfcunit\mainBranch\main\src\junit\extensions\jfcunit\tools\ComponentBrowser.java">
</file>
<file name="C:\sourceforge\jfcunit\mainBranch\main\src\junit\extensions\jfcunit\tools\ComponentNode.java">
</file>
<file name="C:\sourceforge\jfcunit\mainBranch\main\src\junit\extensions\jfcunit\tools\JFCUtilities.java">
</file>
<file name="C:\sourceforge\jfcunit\mainBranch\main\src\junit\extensions\jfcunit\tools\Operator.java">
</file>
<file name="C:\sourceforge\jfcunit\mainBranch\main\src\junit\extensions\jfcunit\tools\XMLRoot.java">
</file>
<file name="C:\sourceforge\jfcunit\mainBranch\main\src\junit\extensions\jfcunit\xml\AWTEventQueueTagHandler.java">
</file>
<file name="C:\sourceforge\jfcunit\mainBranch\main\src\junit\extensions\jfcunit\xml\JFCXMLConstants.java">
</file>
<file name="C:\sourceforge\jfcunit\mainBranch\main\src\junit\extensions\jfcunit\xml\JFCXMLTestCase.java">
</file>
<file name="C:\sourceforge\jfcunit\mainBranch\main\src\junit\extensions\jfcunit\xml\SleepTagHandler.java">
</file>
<file name="C:\sourceforge\jfcunit\mainBranch\main\src\junit\extensions\jfcunit\xml\TestTagHandler.java">
</file>
<file name="C:\sourceforge\jfcunit\mainBranch\main\src\junit\extensions\jfcunit\xml\XMLRecorder.java">
</file>
<file name="C:\sourceforge\jfcunit\mainBranch\main\src\junit\extensions\xml\IXMLProcedure.java">
</file>
<file name="C:\sourceforge\jfcunit\mainBranch\main\src\junit\extensions\xml\IXMLTest.java">
</file>
<file name="C:\sourceforge\jfcunit\mainBranch\main\src\junit\extensions\xml\IXMLTestCase.java">
</file>
<file name="C:\sourceforge\jfcunit\mainBranch\main\src\junit\extensions\xml\IXMLTestSuite.java">
</file>
<file name="C:\sourceforge\jfcunit\mainBranch\main\src\junit\extensions\xml\XMLConstants.java">
</file>
<file name="C:\sourceforge\jfcunit\mainBranch\main\src\junit\extensions\xml\XMLException.java">
</file>
<file name="C:\sourceforge\jfcunit\mainBranch\main\src\junit\extensions\xml\XMLObjectCache.java">
</file>
<file name="C:\sourceforge\jfcunit\mainBranch\main\src\junit\extensions\xml\XMLProcedure.java">
</file>
<file name="C:\sourceforge\jfcunit\mainBranch\main\src\junit\extensions\xml\XMLPropertyCache.java">
</file>
<file name="C:\sourceforge\jfcunit\mainBranch\main\src\junit\extensions\xml\XMLTagResourceBundle.java">
</file>
<file name="C:\sourceforge\jfcunit\mainBranch\main\src\junit\extensions\xml\XMLTestCase.java">
</file>
<file name="C:\sourceforge\jfcunit\mainBranch\main\src\junit\extensions\xml\XMLTestSuite.java">
</file>
<file name="C:\sourceforge\jfcunit\mainBranch\main\src\junit\extensions\xml\XMLUtil.java">
</file>
<file name="C:\sourceforge\jfcunit\mainBranch\main\src\junit\extensions\xml\XMLWriter.java">
<error line="113" severity="error" message="Line is longer than 120 characters." source="com.puppycrawl.tools.checkstyle.checks.sizes.LineLengthCheck"/>
</file>
<file name="C:\sourceforge\jfcunit\mainBranch\main\src\junit\extensions\xml\elements\AbstractAssertTagHandler.java">
</file>
<file name="C:\sourceforge\jfcunit\mainBranch\main\src\junit\extensions\xml\elements\AbstractTagHandler.java">
</file>
<file name="C:\sourceforge\jfcunit\mainBranch\main\src\junit\extensions\xml\elements\AssertEnabledTagHandler.java">
</file>
<file name="C:\sourceforge\jfcunit\mainBranch\main\src\junit\extensions\xml\elements\AssertEqualsTagHandler.java">
</file>
<file name="C:\sourceforge\jfcunit\mainBranch\main\src\junit\extensions\xml\elements\AssertHasFocusTagHandler.java">
</file>
<file name="C:\sourceforge\jfcunit\mainBranch\main\src\junit\extensions\xml\elements\AssertNotEqualsTagHandler.java">
</file>
<file name="C:\sourceforge\jfcunit\mainBranch\main\src\junit\extensions\xml\elements\AssertNotNullTagHandler.java">
</file>
<file name="C:\sourceforge\jfcunit\mainBranch\main\src\junit\extensions\xml\elements\AssertNotSameTagHandler.java">
</file>
<file name="C:\sourceforge\jfcunit\mainBranch\main\src\junit\extensions\xml\elements\AssertNullTagHandler.java">
</file>
<file name="C:\sourceforge\jfcunit\mainBranch\main\src\junit\extensions\xml\elements\AssertSameTagHandler.java">
</file>
<file name="C:\sourceforge\jfcunit\mainBranch\main\src\junit\extensions\xml\elements\AssertTableContainsTagHandler.java">
</file>
<file name="C:\sourceforge\jfcunit\mainBranch\main\src\junit\extensions\xml\elements\AssertTextFieldContainsTagHandler.java">
</file>
<file name="C:\sourceforge\jfcunit\mainBranch\main\src\junit\extensions\xml\elements\ChooseTagHandler.java">
</file>
<file name="C:\sourceforge\jfcunit\mainBranch\main\src\junit\extensions\xml\elements\DumpTagHandler.java">
</file>
<file name="C:\sourceforge\jfcunit\mainBranch\main\src\junit\extensions\xml\elements\EchoTagHandler.java">
</file>
<file name="C:\sourceforge\jfcunit\mainBranch\main\src\junit\extensions\xml\elements\EvaluateTagHandler.java">
</file>
<file name="C:\sourceforge\jfcunit\mainBranch\main\src\junit\extensions\xml\elements\FailTagHandler.java">
</file>
<file name="C:\sourceforge\jfcunit\mainBranch\main\src\junit\extensions\xml\elements\FileTagHandler.java">
</file>
<file name="C:\sourceforge\jfcunit\mainBranch\main\src\junit\extensions\xml\elements\ForeachTagHandler.java">
<error line="99" column="5" severity="error" message="Method length is 168 lines (max allowed is 150)." source="com.puppycrawl.tools.checkstyle.checks.sizes.MethodLengthCheck"/>
</file>
<file name="C:\sourceforge\jfcunit\mainBranch\main\src\junit\extensions\xml\elements\IndexOfTagHandler.java">
<error line="132" column="5" severity="error" message="Method length is 256 lines (max allowed is 150)." source="com.puppycrawl.tools.checkstyle.checks.sizes.MethodLengthCheck"/>
</file>
<file name="C:\sourceforge\jfcunit\mainBranch\main\src\junit\extensions\xml\elements\NoOpTagHandler.java">
</file>
<file name="C:\sourceforge\jfcunit\mainBranch\main\src\junit\extensions\xml\elements\ParentInstanceTagHandler.java">
</file>
<file name="C:\sourceforge\jfcunit\mainBranch\main\src\junit\extensions\xml\elements\ProcedureTagHandler.java">
</file>
<file name="C:\sourceforge\jfcunit\mainBranch\main\src\junit\extensions\xml\elements\PropertyTagHandler.java">
</file>
<file name="C:\sourceforge\jfcunit\mainBranch\main\src\junit\extensions\xml\elements\SaveTagHandler.java">
</file>
<file name="C:\sourceforge\jfcunit\mainBranch\main\src\junit\extensions\xml\elements\StopWatchTagHandler.java">
</file>
<file name="C:\sourceforge\jfcunit\mainBranch\main\src\junit\extensions\xml\elements\SuiteTagHandler.java">
</file>
<file name="C:\sourceforge\jfcunit\mainBranch\main\src\junit\extensions\xml\elements\TagHandlersTagHandler.java">
</file>
<file name="C:\sourceforge\jfcunit\mainBranch\main\src\junit\extensions\xml\elements\TestTagHandler.java">
<error line="32" column="20" severity="error" message="Variable &apos;m_testCase&apos; must be private and have accessor methods." source="com.puppycrawl.tools.checkstyle.checks.design.VisibilityModifierCheck"/>
</file>
<file name="C:\sourceforge\jfcunit\mainBranch\main\src\junit\extensions\xml\elements\TokenizeTagHandler.java">
</file>
<file name="C:\sourceforge\jfcunit\mainBranch\main\src\junit\extensions\xml\elements\WhileTagHandler.java">
</file>
<file name="C:\sourceforge\jfcunit\mainBranch\main\test\junit\extensions\jfcunit\AbstractTestCase.java">
</file>
<file name="C:\sourceforge\jfcunit\mainBranch\main\test\junit\extensions\jfcunit\AbstractTestHelperBase.java">
<error line="1" severity="error" message="File length is 2,067 lines (max allowed is 2,000)." source="com.puppycrawl.tools.checkstyle.checks.sizes.FileLengthCheck"/>
</file>
<file name="C:\sourceforge\jfcunit\mainBranch\main\test\junit\extensions\jfcunit\JFCEventManagerT.java">
</file>
<file name="C:\sourceforge\jfcunit\mainBranch\main\test\junit\extensions\jfcunit\JFCTestHelperT.java">
</file>
<file name="C:\sourceforge\jfcunit\mainBranch\main\test\junit\extensions\jfcunit\RobotTestHelperT.java">
</file>
<file name="C:\sourceforge\jfcunit\mainBranch\main\test\junit\extensions\jfcunit\SplashScreen.java">
</file>
<file name="C:\sourceforge\jfcunit\mainBranch\main\test\junit\extensions\jfcunit\TestAllJFCUnit.java">
</file>
<file name="C:\sourceforge\jfcunit\mainBranch\main\test\junit\extensions\jfcunit\TestHelperClass.java">
</file>
<file name="C:\sourceforge\jfcunit\mainBranch\main\test\junit\extensions\jfcunit\TestHelperT.java">
<error line="320" severity="error" message="Line is longer than 120 characters." source="com.puppycrawl.tools.checkstyle.checks.sizes.LineLengthCheck"/>
</file>
<file name="C:\sourceforge\jfcunit\mainBranch\main\test\junit\extensions\jfcunit\WindowMonitorT.java">
</file>
<file name="C:\sourceforge\jfcunit\mainBranch\main\test\junit\extensions\jfcunit\eventdata\AbstractEventDataT.java">
</file>
<file name="C:\sourceforge\jfcunit\mainBranch\main\test\junit\extensions\jfcunit\eventdata\DragEventDataT.java">
</file>
<file name="C:\sourceforge\jfcunit\mainBranch\main\test\junit\extensions\jfcunit\eventdata\HeavyWeightT.java">
</file>
<file name="C:\sourceforge\jfcunit\mainBranch\main\test\junit\extensions\jfcunit\eventdata\JComboBoxMouseEventDataT.java">
</file>
<file name="C:\sourceforge\jfcunit\mainBranch\main\test\junit\extensions\jfcunit\eventdata\JListMouseEventDataT.java">
</file>
<file name="C:\sourceforge\jfcunit\mainBranch\main\test\junit\extensions\jfcunit\eventdata\JSpinnerMouseEventDataT.java">
</file>
<file name="C:\sourceforge\jfcunit\mainBranch\main\test\junit\extensions\jfcunit\eventdata\JTabbedPaneMouseEventDataT.java">
</file>
<file name="C:\sourceforge\jfcunit\mainBranch\main\test\junit\extensions\jfcunit\eventdata\JTableHeaderMouseEventDataT.java">
</file>
<file name="C:\sourceforge\jfcunit\mainBranch\main\test\junit\extensions\jfcunit\eventdata\JTableMouseEventDataT.java">
</file>
<file name="C:\sourceforge\jfcunit\mainBranch\main\test\junit\extensions\jfcunit\eventdata\JTextComponentMouseEventDataT.java">
</file>
<file name="C:\sourceforge\jfcunit\mainBranch\main\test\junit\extensions\jfcunit\eventdata\JTreeMouseEventDataT.java">
</file>
<file name="C:\sourceforge\jfcunit\mainBranch\main\test\junit\extensions\jfcunit\eventdata\KeyEventDataT.java">
</file>
<file name="C:\sourceforge\jfcunit\mainBranch\main\test\junit\extensions\jfcunit\eventdata\MouseEventDataBC.java">
</file>
<file name="C:\sourceforge\jfcunit\mainBranch\main\test\junit\extensions\jfcunit\eventdata\MouseEventDataT.java">
</file>
<file name="C:\sourceforge\jfcunit\mainBranch\main\test\junit\extensions\jfcunit\eventdata\MouseWheelEventDataT.java">
</file>
<file name="C:\sourceforge\jfcunit\mainBranch\main\test\junit\extensions\jfcunit\eventdata\PathDataT.java">
</file>
<file name="C:\sourceforge\jfcunit\mainBranch\main\test\junit\extensions\jfcunit\eventdata\StringEventDataT.java">
</file>
<file name="C:\sourceforge\jfcunit\mainBranch\main\test\junit\extensions\jfcunit\finder\AbstractButtonFinderT.java">
</file>
<file name="C:\sourceforge\jfcunit\mainBranch\main\test\junit\extensions\jfcunit\finder\AbstractButtonFinderTagHandlerT.java">
</file>
<file name="C:\sourceforge\jfcunit\mainBranch\main\test\junit\extensions\jfcunit\finder\ComponentFinderT.java">
</file>
<file name="C:\sourceforge\jfcunit\mainBranch\main\test\junit\extensions\jfcunit\finder\ComponentFinderTagHandlerT.java">
</file>
<file name="C:\sourceforge\jfcunit\mainBranch\main\test\junit\extensions\jfcunit\finder\DialogFinderT.java">
</file>
<file name="C:\sourceforge\jfcunit\mainBranch\main\test\junit\extensions\jfcunit\finder\DialogFinderTagHandlerT.java">
</file>
<file name="C:\sourceforge\jfcunit\mainBranch\main\test\junit\extensions\jfcunit\finder\FrameFinderT.java">
</file>
<file name="C:\sourceforge\jfcunit\mainBranch\main\test\junit\extensions\jfcunit\finder\FrameFinderTagHandlerT.java">
</file>
<file name="C:\sourceforge\jfcunit\mainBranch\main\test\junit\extensions\jfcunit\finder\JLabelFinderT.java">
</file>
<file name="C:\sourceforge\jfcunit\mainBranch\main\test\junit\extensions\jfcunit\finder\JMenuItemFinderT.java">
</file>
<file name="C:\sourceforge\jfcunit\mainBranch\main\test\junit\extensions\jfcunit\finder\JWindowFinderT.java">
</file>
<file name="C:\sourceforge\jfcunit\mainBranch\main\test\junit\extensions\jfcunit\finder\LabeledComponentFinderT.java">
</file>
<file name="C:\sourceforge\jfcunit\mainBranch\main\test\junit\extensions\jfcunit\finder\LabeledComponentFinderTagHandlerT.java">
</file>
<file name="C:\sourceforge\jfcunit\mainBranch\main\test\junit\extensions\jfcunit\finder\NamedComponentFinderT.java">
</file>
<file name="C:\sourceforge\jfcunit\mainBranch\main\test\junit\extensions\jfcunit\finder\NamedComponentFinderTagHandlerT.java">
</file>
<file name="C:\sourceforge\jfcunit\mainBranch\main\test\junit\extensions\jfcunit\keyboard\JFCKeyStrokeT.java">
</file>
<file name="C:\sourceforge\jfcunit\mainBranch\main\test\junit\extensions\jfcunit\tools\OperatorT.java">
</file>
<file name="C:\sourceforge\jfcunit\mainBranch\main\test\junit\extensions\jfcunit\xml\AWTEventQueueTagHandlerT.java">
</file>
<file name="C:\sourceforge\jfcunit\mainBranch\main\test\junit\extensions\xml\TestXMLFileT.java">
</file>
<file name="C:\sourceforge\jfcunit\mainBranch\main\test\junit\extensions\xml\XMLExceptionT.java">
</file>
<file name="C:\sourceforge\jfcunit\mainBranch\main\test\junit\extensions\xml\XMLObjectCacheT.java">
</file>
<file name="C:\sourceforge\jfcunit\mainBranch\main\test\junit\extensions\xml\XMLProcedureT.java">
</file>
<file name="C:\sourceforge\jfcunit\mainBranch\main\test\junit\extensions\xml\XMLTestCaseT.java">
</file>
<file name="C:\sourceforge\jfcunit\mainBranch\main\test\junit\extensions\xml\XMLTestSuiteT.java">
</file>
<file name="C:\sourceforge\jfcunit\mainBranch\main\test\junit\extensions\xml\XMLUtilT.java">
</file>
<file name="C:\sourceforge\jfcunit\mainBranch\main\test\junit\extensions\xml\XMLWriterT.java">
</file>
<file name="C:\sourceforge\jfcunit\mainBranch\main\test\junit\extensions\xml\elements\AbstractAssertTagHandlerT.java">
</file>
<file name="C:\sourceforge\jfcunit\mainBranch\main\test\junit\extensions\xml\elements\AbstractTagHandlerT.java">
</file>
<file name="C:\sourceforge\jfcunit\mainBranch\main\test\junit\extensions\xml\elements\AssertEnabledTagHandlerT.java">
</file>
<file name="C:\sourceforge\jfcunit\mainBranch\main\test\junit\extensions\xml\elements\AssertEqualsTagHandlerT.java">
</file>
<file name="C:\sourceforge\jfcunit\mainBranch\main\test\junit\extensions\xml\elements\AssertHasFocusTagHandlerT.java">
</file>
<file name="C:\sourceforge\jfcunit\mainBranch\main\test\junit\extensions\xml\elements\AssertNotEqualsTagHandlerT.java">
</file>
<file name="C:\sourceforge\jfcunit\mainBranch\main\test\junit\extensions\xml\elements\AssertNotNullTagHandlerT.java">
</file>
<file name="C:\sourceforge\jfcunit\mainBranch\main\test\junit\extensions\xml\elements\AssertNotSameTagHandlerT.java">
</file>
<file name="C:\sourceforge\jfcunit\mainBranch\main\test\junit\extensions\xml\elements\AssertNullTagHandlerT.java">
</file>
<file name="C:\sourceforge\jfcunit\mainBranch\main\test\junit\extensions\xml\elements\AssertSameTagHandlerT.java">
</file>
<file name="C:\sourceforge\jfcunit\mainBranch\main\test\junit\extensions\xml\elements\AssertTableContainsTagHandlerT.java">
</file>
<file name="C:\sourceforge\jfcunit\mainBranch\main\test\junit\extensions\xml\elements\AssertTextFieldContainsTagHandlerT.java">
</file>
<file name="C:\sourceforge\jfcunit\mainBranch\main\test\junit\extensions\xml\elements\ChooseTagHandlerT.java">
</file>
<file name="C:\sourceforge\jfcunit\mainBranch\main\test\junit\extensions\xml\elements\DumpTagHandlerT.java">
</file>
<file name="C:\sourceforge\jfcunit\mainBranch\main\test\junit\extensions\xml\elements\EchoTagHandlerT.java">
</file>
<file name="C:\sourceforge\jfcunit\mainBranch\main\test\junit\extensions\xml\elements\ElementFixture.java">
</file>
<file name="C:\sourceforge\jfcunit\mainBranch\main\test\junit\extensions\xml\elements\EvaluateTagHandlerT.java">
</file>
<file name="C:\sourceforge\jfcunit\mainBranch\main\test\junit\extensions\xml\elements\FailTagHandlerT.java">
</file>
<file name="C:\sourceforge\jfcunit\mainBranch\main\test\junit\extensions\xml\elements\FileTagHandlerT.java">
</file>
<file name="C:\sourceforge\jfcunit\mainBranch\main\test\junit\extensions\xml\elements\IndexOfTagHandlerT.java">
</file>
<file name="C:\sourceforge\jfcunit\mainBranch\main\test\junit\extensions\xml\elements\NoOpTagHandlerT.java">
</file>
<file name="C:\sourceforge\jfcunit\mainBranch\main\test\junit\extensions\xml\elements\ParentInstanceTagHandlerT.java">
</file>
<file name="C:\sourceforge\jfcunit\mainBranch\main\test\junit\extensions\xml\elements\ProcedureTagHandlerT.java">
</file>
<file name="C:\sourceforge\jfcunit\mainBranch\main\test\junit\extensions\xml\elements\PropertyTagHandlerT.java">
</file>
<file name="C:\sourceforge\jfcunit\mainBranch\main\test\junit\extensions\xml\elements\SaveTagHandlerT.java">
</file>
<file name="C:\sourceforge\jfcunit\mainBranch\main\test\junit\extensions\xml\elements\StopWatchTagHandlerT.java">
</file>
<file name="C:\sourceforge\jfcunit\mainBranch\main\test\junit\extensions\xml\elements\SuiteTagHandlerT.java">
</file>
<file name="C:\sourceforge\jfcunit\mainBranch\main\test\junit\extensions\xml\elements\TagHandlersTagHandlerT.java">
</file>
<file name="C:\sourceforge\jfcunit\mainBranch\main\test\junit\extensions\xml\elements\TestTagHandlerT.java">
</file>
<file name="C:\sourceforge\jfcunit\mainBranch\main\test\junit\extensions\xml\elements\TokenizeTagHandlerT.java">
</file>
<file name="C:\sourceforge\jfcunit\mainBranch\main\test\junit\extensions\xml\elements\WhileTagHandlerT.java">
</file>
<file name="C:\sourceforge\jfcunit\mainBranch\main\examples\dnd\TestDragNDrop.java">
</file>
<file name="C:\sourceforge\jfcunit\mainBranch\main\examples\failing\FromAnotherThread.java">
</file>
<file name="C:\sourceforge\jfcunit\mainBranch\main\examples\menunav\MenuNavigationTestCase.java">
</file>
<file name="C:\sourceforge\jfcunit\mainBranch\main\examples\modal\Employee.java">
</file>
<file name="C:\sourceforge\jfcunit\mainBranch\main\examples\modal\EmployeeTestCase.java">
</file>
<file name="C:\sourceforge\jfcunit\mainBranch\main\examples\swingset\TestSwingSet.java">
</file>
<file name="C:\sourceforge\jfcunit\mainBranch\main\examples\swingset\TestXMLRecording.java">
</file>
<file name="C:\sourceforge\jfcunit\mainBranch\main\examples\swingset\TestXMLReplay.java">
</file>
<file name="C:\sourceforge\jfcunit\mainBranch\main\examples\swingset\TestXMLSwingSet.java">
</file>
</checkstyle>
